Type,Side1,Unum1,Time1,Mode1,X1,Y1,Side2,Unum2,Time2,X2,Y2,Success
Pass,left,11,3,kick_off_l,0,0,left,7,10,-9.7146,-6.9712,true
Dribble,left,7,10,play_on,-9.7146,-6.9712,left,7,15,-7.1704,-8.0914,true
Pass,left,7,18,play_on,-7.1106,-8.2046,left,9,32,12.3822,-25.0364,true
Dribble,left,9,32,play_on,12.3822,-25.0364,left,9,41,15.6991,-30.375,true
Pass,left,9,44,play_on,15.778,-29.1322,left,7,49,12.3562,-16.7047,true
Pass,left,7,49,play_on,12.3562,-16.7047,left,11,52,15.9297,-16.4187,true
Dribble,left,11,54,play_on,16.7762,-16.9129,left,11,56,17.3632,-15.9743,true
Pass,left,11,56,play_on,17.3632,-15.9743,left,7,58,17.1647,-18.2185,true
Pass,left,7,60,play_on,17.0585,-19.7869,left,4,65,11.7137,-30.5615,true
Dribble,left,4,67,play_on,12.2215,-29.7656,left,4,72,14.7774,-30.8253,true
Dribble,left,4,72,play_on,14.7774,-30.8253,left,4,77,18.1069,-32.117,true
Dribble,left,4,77,play_on,18.1069,-32.117,left,4,82,20.598,-32.339,true
Dribble,left,4,85,play_on,20.0842,-31.5642,left,4,87,19.441,-31.5204,true
Dribble,left,4,89,play_on,19.397,-32.2957,left,4,92,18.1085,-31.3123,true
MultiTouch,left,4,93,play_on,17.782,-31.7903,neutral,-1,94,17.7492,-30.5924,false
OutOfBounds,right,5,94,play_on,17.7492,-30.5924,neutral,-1,98,11.6459,-34,false
Pass,left,4,195,kick_in_l,11.6459,-34,left,9,199,16.4658,-28.7349,true
Pass,left,9,200,play_on,15.8567,-28.1321,left,2,212,-7.5764,-23.2148,true
Pass,left,2,215,play_on,-7.3709,-22.2886,left,6,221,-7.2096,-7.7782,true
Pass,left,6,221,play_on,-7.2096,-7.7782,left,8,227,-0.5187,5.0896,true
Pass,left,8,227,play_on,-0.5187,5.0896,left,5,237,10.1109,15.2404,true
Pass,left,5,237,play_on,10.1109,15.2404,left,10,246,27.1364,18.3766,true
Dribble,left,10,247,play_on,28.3131,17.9518,left,10,264,43.695,16.7006,true
Dribble,left,10,264,play_on,43.695,16.7006,left,10,269,45.6958,13.4559,true
Dribble,left,10,269,play_on,45.6958,13.4559,left,10,273,47.2998,11.4553,true
Dribble,left,10,273,play_on,47.2998,11.4553,left,10,275,47.5297,9.9412,true
Shoot,left,10,277,play_on,48.4011,10.2158,neutral,-1,280,53.6,4.2799,true
Interception,left,10,277,play_on,48.4011,10.2158,right,11,283,0,0,true
Pass,right,11,283,kick_off_r,0,0,right,7,288,7.8389,4.3429,true
Dribble,right,7,291,play_on,7.3078,4.6395,right,7,294,5.1203,4.7973,true
Pass,right,7,295,play_on,5.2971,3.544,right,8,299,4.7733,-4.4301,true
Dribble,right,8,299,play_on,4.7733,-4.4301,right,8,302,3.467,-3.9786,true
Dribble,right,8,302,play_on,3.467,-3.9786,right,8,305,3.786,-5.194,true
Interception,right,8,306,play_on,2.1592,-5.7199,left,11,307,2.4051,-6.0847,true
Interception,left,11,307,play_on,2.4051,-6.0847,right,6,308,3.2282,-4.5541,true
Pass,right,6,308,free_kick_r,3.2282,-4.5541,right,4,315,10.9057,8.216,true
Dribble,right,4,315,play_on,10.9057,8.216,right,4,318,8.6137,8.1799,true
Interception,right,4,318,play_on,8.6137,8.1799,left,11,321,8.6684,8.2957,true
Interception,left,11,321,play_on,8.6684,8.2957,right,6,322,8.6485,6.4199,true
Interception,right,6,322,free_kick_r,8.6485,6.4199,left,11,327,13.2492,-3.9834,true
Pass,left,11,328,play_on,12.9099,-3.8575,left,9,334,6.2122,-14.4743,true
Dribble,left,9,334,play_on,6.2122,-14.4743,left,9,346,14.5674,-19.5162,true
Dribble,left,9,347,play_on,15.3475,-20.2185,left,9,353,18.4677,-23.4447,true
Dribble,left,9,353,play_on,18.4677,-23.4447,left,9,367,28.6467,-32.3626,true
Dribble,left,9,367,play_on,28.6467,-32.3626,left,9,379,38.2266,-32.6594,true
Dribble,left,9,380,play_on,39.0735,-32.3994,left,9,387,44.1177,-31.5998,true
Dribble,left,9,387,play_on,44.1177,-31.5998,left,9,391,45.7967,-32.8167,true
Dribble,left,9,391,play_on,45.7967,-32.8167,left,9,394,46.4476,-32.7839,true
MultiTouch,left,9,394,play_on,46.4476,-32.7839,neutral,-1,395,45.6697,-32.2149,false
OutOfBounds,right,5,395,play_on,45.6697,-32.2149,neutral,-1,400,35.0881,-34,false
Pass,left,4,497,kick_in_l,35.0881,-34,left,9,500,34.2323,-26.9465,true
Pass,left,9,504,play_on,34.4069,-25.4546,left,11,509,32.0224,-13.9005,true
Dribble,left,11,511,play_on,31.5245,-13.5104,left,11,514,30.3397,-12.5066,true
Pass,left,11,515,play_on,30.7747,-11.9652,left,8,520,24.6979,-2.0055,true
Pass,left,8,521,play_on,25.3982,-1.0631,left,5,536,26.1347,17.1412,true
Dribble,left,5,536,play_on,26.1347,17.1412,left,5,541,28.632,17.0016,true
Dribble,left,5,544,play_on,28.5988,17.0983,left,5,547,28.1978,16.6647,true
Dribble,left,5,547,play_on,28.1978,16.6647,left,5,549,27.4725,16.1232,true
Pass,left,5,549,play_on,27.4725,16.1232,left,8,552,24.6778,10.4999,true
MultiTouch,left,8,557,play_on,23.6963,10.2629,neutral,-1,563,21.6008,-1.3063,false
Pass,left,8,571,play_on,19.6943,6.3088,left,11,574,22.8622,8.3493,true
Pass,left,11,575,play_on,23.4838,9.0641,left,5,582,20.028,19.4715,true
Pass,left,5,583,play_on,20.4786,19.9874,left,10,595,34.6706,29.4895,true
Dribble,left,10,595,play_on,34.6706,29.4895,left,10,600,37.7914,28.6451,true
Dribble,left,10,600,play_on,37.7914,28.6451,left,10,602,38.1992,28.2395,true
Pass,left,10,604,play_on,39.3956,27.8212,left,7,613,28.0378,10.7786,true
Pass,left,7,615,play_on,29.1544,11.2042,left,11,618,36.6729,9.5039,true
Pass,left,11,619,play_on,37.0846,9.6376,left,9,621,39.5274,8.3967,true
Shoot,left,9,621,play_on,39.5274,8.3967,neutral,-1,630,53.7631,-5.0614,true
Interception,left,9,621,play_on,39.5274,8.3967,right,11,648,0,0,true
Pass,right,11,648,kick_off_r,0,0,right,6,649,1.7197,0.9599,true
Pass,right,6,652,play_on,0.7985,1.0816,right,11,656,-1.1396,-0.0871,true
Pass,right,11,656,play_on,-1.1396,-0.0871,right,8,660,1.365,-7.1264,true
Dribble,right,8,662,play_on,0.9568,-6.2682,right,8,664,-0.2702,-6.8443,true
MultiTouch,right,8,666,play_on,-0.8653,-7.0691,neutral,-1,667,-0.1096,-6.4884,false
Pass,right,6,675,play_on,6.6694,-2.6986,right,7,678,3.9867,2.9521,true
Dribble,right,7,678,play_on,3.9867,2.9521,right,7,685,2.5465,2.464,true
Dribble,right,7,685,play_on,2.5465,2.464,right,7,688,3.3853,4.2804,true
Interception,right,7,689,play_on,2.5332,4.9616,left,11,690,2.6112,5.0443,true
Interception,left,11,690,play_on,2.6112,5.0443,right,6,691,2.6953,3.533,true
Pass,right,6,691,free_kick_r,2.6953,3.533,right,7,696,-0.0292,14.178,true
Dribble,right,7,696,play_on,-0.0292,14.178,right,7,699,0.3363,14.3718,true
Pass,right,7,700,play_on,1.1158,15.2242,right,4,706,13.7104,18.3529,true
Dribble,right,4,706,play_on,13.7104,18.3529,right,4,708,12.0829,17.86,true
Dribble,right,4,708,play_on,12.0829,17.86,right,4,711,10.877,18.8636,true
MultiTouch,right,4,712,play_on,11.3709,17.69,neutral,-1,717,8.5097,7.0914,false
Pass,right,6,725,play_on,12.0892,2.6214,right,3,731,21.6419,0.7475,true
Dribble,right,3,731,play_on,21.6419,0.7475,right,3,735,20.1365,1.2878,true
Pass,right,3,735,play_on,20.1365,1.2878,right,6,738,17.2349,1.3339,true
Pass,right,6,738,play_on,17.2349,1.3339,right,8,744,10.0937,-8.132,true
Dribble,right,8,745,play_on,9.523,-7.3288,right,8,749,7.0258,-7.6706,true
Dribble,right,8,750,play_on,7.1047,-6.689,right,8,753,7.0108,-6.6837,true
Pass,right,8,753,play_on,7.0108,-6.6837,right,7,758,6.6753,3.9724,true
Dribble,right,7,758,play_on,6.6753,3.9724,right,7,761,5.1389,3.6386,true
Dribble,right,7,761,play_on,5.1389,3.6386,right,7,765,2.0309,3.6119,true
Pass,right,7,766,play_on,3.3115,3.5308,right,6,772,14.7142,0.9871,true
Dribble,right,6,772,play_on,14.7142,0.9871,right,6,775,14.4207,0.8584,true
Pass,right,6,778,play_on,13.4343,0.7728,right,8,783,7.4914,-6.7052,true
Pass,right,8,785,play_on,7.2896,-6.4691,right,7,790,6.0151,3.8189,true
Dribble,right,7,790,play_on,6.0151,3.8189,right,7,793,5.4257,2.6092,true
Interception,right,7,793,play_on,5.4257,2.6092,left,11,795,5.8006,3.2142,true
Interception,left,11,795,play_on,5.8006,3.2142,right,2,807,5.6919,1.6766,true
Pass,right,2,807,free_kick_r,5.6919,1.6766,right,5,813,9.2596,-9.7327,true
Dribble,right,5,813,play_on,9.2596,-9.7327,right,5,819,5.0177,-9.5295,true
Pass,right,5,822,play_on,4.7242,-9.0262,right,6,829,10.393,5.0995,true
Dribble,right,6,829,play_on,10.393,5.0995,right,6,832,8.1406,5.0851,true
Dribble,right,6,832,play_on,8.1406,5.0851,right,6,835,5.9949,4.4853,true
Pass,right,6,838,play_on,5.6378,4.956,right,7,841,5.6758,10.9818,true
Dribble,right,7,841,play_on,5.6758,10.9818,right,7,843,4.836,10.4248,true
Dribble,right,7,843,play_on,4.836,10.4248,right,7,846,4.7503,11.8868,true
Interception,right,7,847,play_on,3.2638,12.0433,left,11,848,2.9795,12.3003,true
OutOfBounds,left,11,848,play_on,2.9795,12.3003,neutral,-1,863,7.1043,34,false
Pass,right,4,893,kick_in_r,7.1043,34,right,2,899,13.1351,22.1105,true
Dribble,right,2,899,play_on,13.1351,22.1105,right,2,903,11.3985,21.0433,true
Interception,right,2,903,play_on,11.3985,21.0433,left,11,906,11.0222,21.3035,true
OutOfBounds,left,11,906,play_on,11.0222,21.3035,neutral,-1,923,32.5397,34,false
Pass,right,4,944,kick_in_r,32.5397,34,right,2,951,35.7068,19.0465,true
Dribble,right,2,951,play_on,35.7068,19.0465,right,2,954,33.3979,18.9433,true
Dribble,right,2,954,play_on,33.3979,18.9433,right,2,957,32.3934,18.1489,true
Pass,right,2,957,play_on,32.3934,18.1489,right,6,963,28.7134,10.7254,true
Dribble,right,6,963,play_on,28.7134,10.7254,right,6,966,26.5693,10.2766,true
Dribble,right,6,966,play_on,26.5693,10.2766,right,6,969,26.9901,10.0145,true
Dribble,right,6,971,play_on,26.0632,9.0845,right,6,974,26.1306,7.5187,true
Pass,right,6,974,play_on,26.1306,7.5187,right,2,978,33.0018,11.1108,true
Dribble,right,2,978,play_on,33.0018,11.1108,right,2,982,30.4949,11.7886,true
Pass,right,2,982,play_on,30.4949,11.7886,right,4,986,35.2194,17.6177,true
Dribble,right,4,989,play_on,34.9714,17.9708,right,4,992,34.7804,17.7901,true
Interception,right,4,992,play_on,34.7804,17.7901,left,10,993,34.4079,18.6593,true
OutOfBounds,left,10,993,play_on,34.4079,18.6593,neutral,-1,1004,48.7349,34,false
Pass,right,4,1041,kick_in_r,48.7349,34,right,2,1049,45.7538,16.3246,true
Dribble,right,2,1051,play_on,45.5761,16.077,right,2,1054,44.455,16.1808,true
MultiTouch,right,2,1055,play_on,44.0788,15.0805,neutral,-1,1056,43.4185,15.7914,false
Pass,right,4,1057,free_kick_r,36,20.16,right,2,1060,37.6127,14.1652,true
Dribble,right,2,1061,play_on,37.868,12.6403,right,2,1064,36.995,12.7722,true
Dribble,right,2,1064,play_on,36.995,12.7722,right,2,1067,34.8506,12.9691,true
Dribble,right,2,1067,play_on,34.8506,12.9691,right,2,1070,35.0014,13.8436,true
MultiTouch,right,2,1070,play_on,35.0014,13.8436,neutral,-1,1071,33.5108,13.8765,false
Pass,left,7,1099,play_on,21.4863,-3.3139,left,9,1123,50.9599,-21.3691,true
Dribble,left,9,1126,play_on,50.3811,-20.7636,left,9,1131,50.3733,-17.2471,true
Interception,left,9,1131,play_on,50.3733,-17.2471,right,5,1134,44.91,-13.0918,true
Pass,right,5,1134,play_on,44.91,-13.0918,right,7,1138,40.6704,-2.7966,true
OutOfBounds,right,7,1139,play_on,40.5283,-1.8006,neutral,-1,1163,39.693,34,false
Pass,left,10,1260,kick_in_l,39.693,34,left,5,1263,35.249,28.1542,true
Pass,left,5,1264,play_on,35.818,27.4327,left,10,1268,39.0025,29.4541,true
Pass,left,10,1268,play_on,39.0025,29.4541,left,8,1273,43.4795,26.9295,true
Pass,left,8,1274,play_on,42.8103,26.8795,left,5,1280,34.8592,28.6005,true
Dribble,left,5,1280,play_on,34.8592,28.6005,left,5,1284,36.126,26.7078,true
Pass,left,5,1286,play_on,35.4795,27.1309,left,7,1294,28.3801,9.3546,true
Pass,left,7,1294,play_on,28.3801,9.3546,left,4,1304,26.3576,-13.4815,true
Dribble,left,4,1304,play_on,26.3576,-13.4815,left,4,1306,27.4561,-13.2904,true
Pass,left,4,1309,play_on,27.9313,-12.2092,left,11,1313,33.416,-5.4055,true
MultiTouch,left,11,1314,play_on,34.0209,-5.5672,neutral,-1,1320,35.3877,-8.4076,false
Dribble,left,4,1326,play_on,27.4915,-17.0707,left,4,1332,31.6862,-19.3361,true
Dribble,left,4,1332,play_on,31.6862,-19.3361,left,4,1346,39.612,-27.851,true
Dribble,left,4,1347,play_on,39.5351,-28.4809,left,4,1350,41.5132,-28.2808,true
Dribble,left,4,1353,play_on,40.5215,-28.5226,left,4,1356,38.7091,-28.8291,true
Pass,left,4,1359,play_on,38.6466,-28.1076,left,11,1364,40.5948,-15.594,true
Pass,left,11,1367,play_on,42.0984,-16.0711,left,10,1373,42.3722,-4.5348,true
Shoot,left,10,1373,play_on,42.3722,-4.5348,neutral,-1,1378,53.0564,3.1999,true
Interception,left,10,1373,play_on,42.3722,-4.5348,right,11,1379,0,0,true
Pass,right,11,1379,kick_off_r,0,0,right,7,1383,7.5724,4.9888,true
Dribble,right,7,1383,play_on,7.5724,4.9888,right,7,1389,2.7017,5.1841,true
Pass,right,7,1390,play_on,3.0007,4.2834,right,8,1394,3.4494,-3.6988,true
Pass,right,8,1394,play_on,3.4494,-3.6988,right,7,1398,2.4189,3.6427,true
Pass,right,7,1400,play_on,2.1908,4.0723,right,8,1404,2.9793,-4.0443,true
Dribble,right,8,1404,play_on,2.9793,-4.0443,right,8,1407,0.4356,-4.1591,true
Pass,right,8,1411,play_on,1.5433,-4.2514,right,6,1417,12.8194,-0.2263,true
Dribble,right,6,1417,play_on,12.8194,-0.2263,right,6,1420,10.6993,-0.1909,true
Dribble,right,6,1420,play_on,10.6993,-0.1909,right,6,1423,8.998,-0.9777,true
Pass,right,6,1423,play_on,8.998,-0.9777,right,7,1427,6.0311,5.7469,true
Dribble,right,7,1427,play_on,6.0311,5.7469,right,7,1430,5.8649,5.7432,true
Dribble,right,7,1430,play_on,5.8649,5.7432,right,7,1432,4.7142,5.1999,true
Interception,right,7,1432,play_on,4.7142,5.1999,left,11,1433,3.9809,5.0503,true
Pass,left,11,1433,play_on,3.9809,5.0503,left,3,1439,-8.3676,10.3764,true
Pass,left,3,1442,play_on,-8.1516,11.0644,left,10,1452,11.8037,23.3594,true
Dribble,left,10,1453,play_on,12.6271,24.0647,left,10,1464,19.6351,29.5696,true
Pass,left,10,1467,play_on,18.6996,28.455,left,8,1472,15.547,18.173,true
Pass,left,8,1474,play_on,15.4263,18.1053,left,10,1480,25.3268,28.9326,true
Dribble,left,10,1480,play_on,25.3268,28.9326,left,10,1487,29.9013,30.7254,true
Dribble,left,10,1489,play_on,30.6553,30.93,left,10,1493,29.0988,33.1764,true
Pass,left,10,1493,play_on,29.0988,33.1764,left,5,1500,17.1203,31.1947,true
Pass,left,5,1501,play_on,16.5069,30.2567,left,8,1506,16.8146,17.2724,true
Pass,left,8,1506,play_on,16.8146,17.2724,left,11,1511,19.7621,11.1104,true
Dribble,left,11,1511,play_on,19.7621,11.1104,left,11,1515,18.6328,9.1443,true
Pass,left,11,1515,play_on,18.6328,9.1443,left,7,1520,21.1963,-3.3976,true
Pass,left,7,1520,play_on,21.1963,-3.3976,left,9,1532,28.9535,-21.665,true
Dribble,left,9,1532,play_on,28.9535,-21.665,left,9,1549,43.4643,-27.3349,true
Dribble,left,9,1549,play_on,43.4643,-27.3349,left,9,1553,46.1815,-28.6523,true
Dribble,left,9,1556,play_on,45.8029,-29.214,left,9,1559,43.4924,-28.8337,true
Pass,left,9,1559,play_on,43.4924,-28.8337,left,4,1567,32.2573,-29.3374,true
Dribble,left,4,1567,play_on,32.2573,-29.3374,left,4,1572,33.8498,-27.4241,true
Pass,left,4,1572,play_on,33.8498,-27.4241,left,9,1586,48.4807,-32.8327,true
Pass,left,9,1590,play_on,48.395,-32.0908,left,7,1598,34.468,-24.4578,true
Pass,left,7,1600,play_on,34.2793,-23.328,left,8,1607,26.539,-7.0779,true
Pass,left,8,1611,play_on,26.8398,-6.5862,left,5,1622,30.2588,11.6983,true
Dribble,left,5,1622,play_on,30.2588,11.6983,left,5,1629,34.3956,11.1691,true
Dribble,left,5,1629,play_on,34.3956,11.1691,left,5,1633,36.5776,9.2141,true
OutOfBounds,left,5,1633,play_on,36.5776,9.2141,neutral,-1,1643,47,-9.16,false
Pass,right,3,1726,goal_kick_r,47,-9.16,right,5,1732,41.6139,-22.025,true
Dribble,right,5,1732,play_on,41.6139,-22.025,right,5,1735,39.8481,-21.0274,true
Dribble,right,5,1735,play_on,39.8481,-21.0274,right,5,1739,37.4011,-20.082,true
Pass,right,5,1740,play_on,36.3909,-21.1879,right,10,1745,28.4516,-29.7433,true
Dribble,right,10,1745,play_on,28.4516,-29.7433,right,10,1753,22.483,-26.8199,true
Dribble,right,10,1753,play_on,22.483,-26.8199,right,10,1762,15.9387,-22.9311,true
Dribble,right,10,1762,play_on,15.9387,-22.9311,right,10,1767,12.4186,-21.2007,true
Dribble,right,10,1767,play_on,12.4186,-21.2007,right,10,1772,9.118,-19.2269,true
Interception,right,10,1772,play_on,9.118,-19.2269,left,7,1781,4.2179,-16.3395,true
Pass,left,7,1782,play_on,4.2956,-15.7669,left,11,1788,13.3417,-4.914,true
Pass,left,11,1788,play_on,13.3417,-4.914,left,10,1796,20.2495,9.8019,true
Dribble,left,10,1796,play_on,20.2495,9.8019,left,10,1815,36.4903,16.4455,true
Dribble,left,10,1815,play_on,36.4903,16.4455,left,10,1823,41.431,14.7888,true
Dribble,left,10,1823,play_on,41.431,14.7888,left,10,1826,43.4361,14.1589,true
Dribble,left,10,1826,play_on,43.4361,14.1589,left,10,1829,44.5777,14.1928,true
Interception,left,10,1835,play_on,43.8768,13.4197,right,6,1837,42.9819,8.6855,true
MultiTouch,right,6,1837,play_on,42.9819,8.6855,neutral,-1,1838,43.717,7.9002,false
Shoot,left,11,1848,play_on,51.7508,-1.4857,neutral,-1,1850,52.764,-3.0142,true
Interception,left,11,1848,play_on,51.7508,-1.4857,right,11,1852,0,0,true
Pass,right,11,1852,kick_off_r,0,0,right,7,1857,7.8184,4.592,true
Dribble,right,7,1857,play_on,7.8184,4.592,right,7,1859,7.4786,5.0933,true
Dribble,right,7,1860,play_on,6.5325,4.5095,right,7,1864,3.3212,4.6156,true
Pass,right,7,1866,play_on,3.6918,4.664,right,8,1870,4.2589,-3.6943,true
Pass,right,8,1872,play_on,3.6554,-4.0177,right,7,1876,3.3365,3.0654,true
Pass,right,7,1878,play_on,2.6093,4.0794,right,8,1884,2.5428,-3.4695,true
Dribble,right,8,1884,play_on,2.5428,-3.4695,right,8,1887,2.5074,-6.0033,true
Dribble,right,8,1887,play_on,2.5074,-6.0033,right,8,1890,2.1751,-5.9352,true
Interception,right,8,1890,play_on,2.1751,-5.9352,left,11,1891,2.1435,-4.6555,true
Interception,left,11,1891,play_on,2.1435,-4.6555,right,3,1900,10.6136,-10.3206,true
Pass,right,3,1902,play_on,10.4924,-10.2984,right,7,1907,6.3417,0.1411,true
Pass,right,7,1908,play_on,6.8646,0.0764,right,6,1914,16.5982,-5.1319,true
Dribble,right,6,1914,play_on,16.5982,-5.1319,right,6,1917,15.9372,-5.2693,true
Dribble,right,6,1917,play_on,15.9372,-5.2693,right,6,1920,13.183,-5.23,true
Pass,right,6,1921,play_on,14.0381,-5.5434,right,3,1925,20.9213,-8.6533,true
Dribble,right,3,1926,play_on,20.084,-7.7497,right,3,1929,18.9542,-8.7861,true
Interception,right,3,1929,play_on,18.9542,-8.7861,left,11,1930,18.2636,-8.1558,true
Interception,left,11,1930,play_on,18.2636,-8.1558,right,6,1935,17.021,-7.3803,true
Pass,right,6,1935,free_kick_r,17.021,-7.3803,right,8,1938,15.2601,-15.0003,true
Pass,right,8,1940,play_on,15.1492,-14.221,right,6,1943,16.516,-8.4617,true
Dribble,right,6,1944,play_on,17.0712,-7.1644,right,6,1947,16.2406,-7.1665,true
Dribble,right,6,1947,play_on,16.2406,-7.1665,right,6,1951,12.9579,-8.1987,true
Dribble,right,6,1951,play_on,12.9579,-8.1987,right,6,1954,12.1388,-8.1484,true
Pass,right,6,1954,play_on,12.1388,-8.1484,right,7,1959,9.5589,1.8135,true
Dribble,right,7,1960,play_on,8.3705,2.558,right,7,1963,8.9569,2.3065,true
Dribble,right,7,1965,play_on,8.3058,2.053,right,7,1969,6.0815,1.2479,true
Dribble,right,7,1970,play_on,6.3294,0.4098,right,7,1974,3.4547,1.0415,true
Pass,right,7,1975,play_on,3.4983,0.395,right,8,1979,5.5098,-7.4489,true
Dribble,right,8,1979,play_on,5.5098,-7.4489,right,8,1983,5.1055,-7.5426,true
Pass,right,8,1985,play_on,5.0118,-7.378,right,3,1990,16.5319,-6.8814,true
Dribble,right,3,1990,play_on,16.5319,-6.8814,right,3,1993,16.1585,-6.516,true
Pass,right,3,1994,play_on,15.1797,-5.4945,right,7,2000,7.5595,2.3045,true
Pass,right,7,2000,play_on,7.5595,2.3045,right,6,2005,17.3917,-1.7106,true
Dribble,right,6,2005,play_on,17.3917,-1.7106,right,6,2008,15.3412,-1.3936,true
Pass,right,6,2008,play_on,15.3412,-1.3936,right,7,2013,8.708,5.856,true
Pass,right,7,2015,play_on,8.1867,5.7525,right,8,2021,7.0913,-6.7518,true
Dribble,right,8,2021,play_on,7.0913,-6.7518,right,8,2024,6.901,-6.4834,true
Dribble,right,8,2024,play_on,6.901,-6.4834,right,8,2026,4.8131,-6.2073,true
Dribble,right,8,2026,play_on,4.8131,-6.2073,right,8,2029,3.8788,-5.2838,true
Interception,right,8,2029,play_on,3.8788,-5.2838,left,11,2030,2.9749,-5.2546,true
Pass,left,11,2030,play_on,2.9749,-5.2546,left,4,2061,-36.3188,-21.1288,true
MultiTouch,left,4,2065,play_on,-36.6253,-21.0183,neutral,-1,2066,-36.8599,-21.7962,false
OutOfBounds,right,10,2066,play_on,-36.8599,-21.7962,neutral,-1,2078,-47,-9.16,false
Pass,left,6,2152,goal_kick_l,-47,-9.16,left,2,2157,-35.3969,-10.8587,true
Pass,left,2,2157,play_on,-35.3969,-10.8587,left,7,2162,-24.4414,-12.8985,true
Pass,left,7,2164,play_on,-24.5872,-13.2658,left,9,2171,-22.7415,-26.704,true
Dribble,left,9,2171,play_on,-22.7415,-26.704,left,9,2177,-18.834,-27.1981,true
Dribble,left,9,2177,play_on,-18.834,-27.1981,left,9,2183,-13.9596,-28.9745,true
Dribble,left,9,2183,play_on,-13.9596,-28.9745,left,9,2191,-7.7823,-30.752,true
Dribble,left,9,2191,play_on,-7.7823,-30.752,left,9,2200,-0.3959,-31.2982,true
Dribble,left,9,2200,play_on,-0.3959,-31.2982,left,9,2203,2.0499,-31.0269,true
Pass,left,9,2204,play_on,1.8234,-30.4075,left,7,2209,-0.4481,-19.1386,true
Dribble,left,7,2209,play_on,-0.4481,-19.1386,left,7,2216,0.7015,-16.1535,true
Dribble,left,7,2216,play_on,0.7015,-16.1535,left,7,2220,3.1414,-15.3731,true
Dribble,left,7,2220,play_on,3.1414,-15.3731,left,7,2224,4.6931,-15.8731,true
Interception,left,7,2224,play_on,4.6931,-15.8731,right,3,2229,16.1393,-18.0375,true
Dribble,right,3,2229,play_on,16.1393,-18.0375,right,3,2231,15.2156,-18.1515,true
Dribble,right,3,2231,play_on,15.2156,-18.1515,right,3,2234,13.2963,-17.3427,true
MultiTouch,right,3,2234,play_on,13.2963,-17.3427,neutral,-1,2235,13.8938,-16.7344,false
Pass,right,1,2308,free_kick_r,42.6252,9.9119,right,2,2315,29.3389,5.4176,true
Dribble,right,2,2315,play_on,29.3389,5.4176,right,2,2318,27.826,5.2722,true
Pass,right,2,2319,play_on,26.9104,6.7462,right,7,2324,20.9145,14.5511,true
Interception,right,7,2325,play_on,20.0539,13.8627,left,10,2326,20.3339,13.8799,true
Pass,left,10,2326,play_on,20.3339,13.8799,left,8,2337,12.0199,4.0574,true
Dribble,left,8,2337,play_on,12.0199,4.0574,left,8,2342,13.942,4.4244,true
Dribble,left,8,2345,play_on,13.9539,4.1513,left,8,2351,9.7393,2.7188,true
Pass,left,8,2352,play_on,9.9623,1.4191,left,9,2361,18.6692,-15.9327,true
Dribble,left,9,2361,play_on,18.6692,-15.9327,left,9,2373,23.0676,-24.2082,true
Dribble,left,9,2373,play_on,23.0676,-24.2082,left,9,2385,30.4302,-30.4291,true
Dribble,left,9,2385,play_on,30.4302,-30.4291,left,9,2389,30.0749,-29.7752,true
Pass,left,9,2391,play_on,30.1451,-29.6563,left,7,2395,24.74,-21.141,true
Pass,left,7,2396,play_on,23.5398,-21.5497,left,4,2402,14.6156,-29.4503,true
Dribble,left,4,2403,play_on,13.8601,-29.2878,left,4,2409,18.3778,-28.2184,true
Pass,left,4,2409,play_on,18.3778,-28.2184,left,7,2414,16.7838,-19.2785,true
Dribble,left,7,2416,play_on,16.1759,-19.0108,left,7,2418,16.8844,-18.1629,true
Dribble,left,7,2418,play_on,16.8844,-18.1629,left,7,2422,17.1846,-15.4384,true
Pass,left,7,2424,play_on,17.4302,-15.5888,left,11,2428,21.9742,-8.6974,true
Pass,left,11,2428,play_on,21.9742,-8.6974,left,10,2435,23.1796,7.1718,true
Pass,left,10,2435,play_on,23.1796,7.1718,left,5,2453,29.5115,27.7441,true
Dribble,left,5,2453,play_on,29.5115,27.7441,left,5,2461,35.9693,30.0599,true
Dribble,left,5,2461,play_on,35.9693,30.0599,left,5,2466,39.2466,30.3105,true
Pass,left,5,2467,play_on,38.6155,29.3612,left,10,2472,35.3592,20.4707,true
Dribble,left,10,2473,play_on,35.9088,19.7092,left,10,2475,37.0274,19.8211,true
Dribble,left,10,2475,play_on,37.0274,19.8211,left,10,2479,37.363,17.7854,true
Pass,left,10,2479,play_on,37.363,17.7854,left,7,2486,29.4125,7.4511,true
MultiTouch,left,7,2486,play_on,29.4125,7.4511,neutral,-1,2492,36.8687,-2.1315,false
Dribble,right,8,2497,play_on,32.7372,1.6646,right,8,2500,32.3383,-0.2637,true
Pass,right,8,2501,play_on,31.4176,-0.5127,right,10,2512,10.7657,-13.8038,true
Pass,right,10,2513,play_on,9.9789,-13.5025,right,11,2518,2.0731,-5.3963,true
Dribble,right,11,2518,play_on,2.0731,-5.3963,right,11,2521,1.9911,-5.7184,true
Dribble,right,11,2522,play_on,2.0149,-6.5424,right,11,2525,0.3615,-8.1833,true
Dribble,right,11,2527,play_on,0.3157,-8.4643,right,11,2531,0.7079,-10.128,true
Pass,right,11,2532,play_on,1.1203,-9.8647,right,10,2537,2.7205,-19.8365,true
Dribble,right,10,2537,play_on,2.7205,-19.8365,right,10,2541,0.4511,-19.5677,true
Dribble,right,10,2541,play_on,0.4511,-19.5677,right,10,2544,-0.8644,-19.1546,true
Pass,right,10,2544,play_on,-0.8644,-19.1546,right,11,2549,-4.6252,-9.7508,true
Pass,right,11,2551,play_on,-4.8419,-10.3732,right,10,2557,-2.7704,-22.0235,true
Dribble,right,10,2558,play_on,-3.2539,-22.745,right,10,2561,-4.8258,-21.5533,true
Dribble,right,10,2561,play_on,-4.8258,-21.5533,right,10,2566,-8.7722,-21.2584,true
Dribble,right,10,2566,play_on,-8.7722,-21.2584,right,10,2569,-10.523,-20.467,true
Pass,right,10,2569,play_on,-10.523,-20.467,right,11,2574,-12.7348,-10.27,true
Dribble,right,11,2574,play_on,-12.7348,-10.27,right,11,2577,-13.0457,-10.8766,true
Dribble,right,11,2578,play_on,-13.1316,-10.3387,right,11,2583,-14.7993,-8.0739,true
Dribble,right,11,2583,play_on,-14.7993,-8.0739,right,11,2585,-15.6647,-6.9741,true
Dribble,right,11,2585,play_on,-15.6647,-6.9741,right,11,2588,-16.2066,-5.1495,true
Dribble,right,11,2588,play_on,-16.2066,-5.1495,right,11,2591,-17.5533,-2.9584,true
Dribble,right,11,2591,play_on,-17.5533,-2.9584,right,11,2595,-18.435,-0.6115,true
Dribble,right,11,2595,play_on,-18.435,-0.6115,right,11,2599,-20.5132,2.7081,true
Dribble,right,11,2600,play_on,-20.6408,2.7132,right,11,2603,-21.8332,3.7202,true
Interception,right,11,2603,play_on,-21.8332,3.7202,left,8,2604,-22.2123,4.3587,true
Pass,left,8,2604,play_on,-22.2123,4.3587,left,3,2609,-31.5889,8.8497,true
Pass,left,3,2609,play_on,-31.5889,8.8497,left,7,2615,-25.0402,-4.6914,true
Pass,left,7,2615,play_on,-25.0402,-4.6914,left,9,2624,-12.3168,-22.21,true
Dribble,left,9,2624,play_on,-12.3168,-22.21,left,9,2632,-6.1263,-21.1068,true
Dribble,left,9,2632,play_on,-6.1263,-21.1068,left,9,2641,-0.8862,-24.4968,true
Dribble,left,9,2641,play_on,-0.8862,-24.4968,left,9,2650,5.3555,-24.3715,true
Dribble,left,9,2651,play_on,6.2771,-24.5914,left,9,2656,9.5634,-24.3724,true
Dribble,left,9,2656,play_on,9.5634,-24.3724,left,9,2660,12.4072,-23.8901,true
Dribble,left,9,2662,play_on,12.7508,-24.0024,left,9,2668,8.8133,-23.3396,true
Pass,left,9,2670,play_on,8.1955,-22.8966,left,11,2678,-2.173,-6.8189,true
Pass,left,11,2680,play_on,-1.8356,-6.6037,left,8,2685,4.295,5.0158,true
Pass,left,8,2685,play_on,4.295,5.0158,left,10,2695,18.1807,15.7485,true
Dribble,left,10,2696,play_on,19.5575,15.579,left,10,2715,37.1875,18.3917,true
Dribble,left,10,2715,play_on,37.1875,18.3917,left,10,2719,38.7971,17.9853,true
Dribble,left,10,2719,play_on,38.7971,17.9853,left,10,2728,45.0135,16.5475,true
Pass,left,10,2732,play_on,44.7272,15.0618,left,9,2742,38.4503,-1.3918,true
Pass,left,9,2742,play_on,38.4503,-1.3918,left,11,2745,36.5122,1.6893,true
MultiTouch,left,11,2745,play_on,36.5122,1.6893,neutral,-1,2751,38.3204,-2.0091,false
OutOfBounds,right,6,2751,play_on,38.3204,-2.0091,neutral,-1,2770,50.4529,-34,false
Pass,left,9,2867,kick_in_l,50.4529,-34,left,7,2869,51.6498,-28.9596,true
Dribble,left,7,2871,play_on,51.0105,-28.0827,left,7,2875,49.6794,-26.5584,true
Dribble,left,7,2875,play_on,49.6794,-26.5584,left,7,2878,48.6869,-27.7958,true
Pass,left,7,2878,play_on,48.6869,-27.7958,left,9,2881,47.7445,-27.6765,true
Pass,left,9,2881,play_on,47.7445,-27.6765,left,7,2882,47.1052,-28.6172,true
Pass,left,7,2882,play_on,47.1052,-28.6172,left,4,2889,36.2194,-29.9218,true
Pass,left,4,2892,play_on,36.1724,-29.0801,left,7,2895,39.858,-24.3538,true
Pass,left,7,2896,play_on,39.315,-24.4958,left,4,2899,35.5264,-30.537,true
Pass,left,4,2902,play_on,35.3392,-28.7035,left,8,2910,30.5141,-10.1647,true
Pass,left,8,2910,play_on,30.5141,-10.1647,left,5,2916,23.7345,3.9696,true
Dribble,left,5,2916,play_on,23.7345,3.9696,left,5,2924,26.2088,9.3852,true
Dribble,left,5,2924,play_on,26.2088,9.3852,left,5,2927,27.0016,10.2751,true
Dribble,left,5,2927,play_on,27.0016,10.2751,left,5,2931,28.0374,12.8454,true
MultiTouch,left,5,2931,play_on,28.0374,12.8454,neutral,-1,2954,37.7131,27.5532,false
OutOfBounds,left,5,2954,play_on,37.7131,27.5532,neutral,-1,2957,42.8303,34,false
Pass,right,11,3002,kick_off_r,0,0,right,8,3006,5.9996,-4.7448,true
Pass,right,8,3006,play_on,5.9996,-4.7448,right,11,3014,-0.5106,-5.2576,true
Pass,right,11,3015,play_on,-0.574,-4.2382,right,7,3020,1.0138,3.5011,true
Dribble,right,7,3020,play_on,1.0138,3.5011,right,7,3022,-0.6659,3.5986,true
Dribble,right,7,3022,play_on,-0.6659,3.5986,right,7,3027,-1.0021,5.5759,true
Pass,right,7,3028,play_on,0.1998,6.1253,right,2,3034,14.6627,6.1575,true
Dribble,right,2,3034,play_on,14.6627,6.1575,right,2,3038,13.1173,5.6857,true
Pass,right,2,3039,play_on,11.8345,5.5155,right,8,3044,5.7004,-2.7151,true
Dribble,right,8,3044,play_on,5.7004,-2.7151,right,8,3047,5.143,-2.3281,true
Dribble,right,8,3047,play_on,5.143,-2.3281,right,8,3050,2.8322,-1.509,true
MultiTouch,right,8,3051,play_on,2.2654,-2.0931,neutral,-1,3052,2.5429,-1.3545,false
Pass,left,3,3074,play_on,-23.76,8.992,left,11,3085,-1.5433,2.7084,true
Pass,left,11,3086,play_on,-0.9739,3.5533,left,10,3093,6.0389,19.7428,true
Dribble,left,10,3094,play_on,5.9603,19.5886,left,10,3100,7.6305,16.1984,true
Pass,left,10,3102,play_on,7.4304,16.1248,left,6,3110,-7.9114,6.3521,true
Dribble,left,6,3110,play_on,-7.9114,6.3521,left,6,3114,-5.8788,4.8445,true
Dribble,left,6,3114,play_on,-5.8788,4.8445,left,6,3120,-2.0069,5.1798,true
Pass,left,6,3122,play_on,-1.7789,5.2869,left,11,3127,11.6044,8.2441,true
Dribble,left,11,3128,play_on,11.8494,7.3638,left,11,3131,13.3066,6.8942,true
MultiTouch,left,11,3133,play_on,12.4164,6.413,neutral,-1,3134,12.3567,7.6164,false
Dribble,right,9,3151,play_on,-5.5213,18.6153,right,9,3155,-5.1397,18.3104,true
Pass,right,9,3156,play_on,-5.2177,17.6656,right,11,3161,-11.5986,8.103,true
Dribble,right,11,3161,play_on,-11.5986,8.103,right,11,3165,-11.6177,10.2721,true
Dribble,right,11,3165,play_on,-11.6177,10.2721,right,11,3169,-14.2584,13.5601,true
Pass,right,11,3169,play_on,-14.2584,13.5601,right,9,3174,-9.3666,22.425,true
Dribble,right,9,3177,play_on,-9.5532,22.3251,right,9,3181,-12.2039,23.5738,true
Dribble,right,9,3181,play_on,-12.2039,23.5738,right,9,3185,-14.7135,25.0556,true
Dribble,right,9,3185,play_on,-14.7135,25.0556,right,9,3191,-15.2317,29.5299,true
MultiTouch,right,9,3191,play_on,-15.2317,29.5299,neutral,-1,3192,-15.3883,29.6837,false
OutOfBounds,left,10,3192,play_on,-15.3883,29.6837,neutral,-1,3194,-17.3697,34,false
Pass,right,4,3241,kick_in_r,-17.3697,34,right,2,3250,-1.3488,22.5604,true
Dribble,right,2,3250,play_on,-1.3488,22.5604,right,2,3253,-3.2736,23.1056,true
MultiTouch,right,2,3257,play_on,-2.5857,21.7137,neutral,-1,3258,-3.2994,22.0624,false
Dribble,right,7,3270,play_on,-7.945,18.0621,right,7,3274,-7.728,20.2426,true
MultiTouch,right,7,3274,play_on,-7.728,20.2426,neutral,-1,3275,-7.2823,20.0148,false
Dribble,right,2,3311,play_on,31.8164,23.5989,right,2,3315,30.2222,23.7096,true
Dribble,right,2,3315,play_on,30.2222,23.7096,right,2,3318,27.0332,23.7474,true
Dribble,right,2,3318,play_on,27.0332,23.7474,right,2,3321,26.2597,23.5801,true
Dribble,right,2,3322,play_on,25.9127,24.7262,right,2,3325,26.7197,24.6634,true
Pass,right,2,3325,play_on,26.7197,24.6634,right,4,3329,30.2619,24.4922,true
Dribble,right,4,3330,play_on,29.401,24.7245,right,4,3334,29.0261,26.1362,true
Dribble,right,4,3334,play_on,29.0261,26.1362,right,4,3338,28.1932,29.7083,true
Pass,right,4,3341,play_on,27.6898,29.5681,right,6,3348,26.1905,12.6438,true
Pass,right,6,3349,play_on,25.398,13.1485,right,7,3354,15.8397,18.1957,true
Pass,right,7,3355,play_on,15.4759,17.5119,right,8,3361,14.1352,3.3667,true
Dribble,right,8,3361,play_on,14.1352,3.3667,right,8,3364,14.1148,3.5148,true
Dribble,right,8,3364,play_on,14.1148,3.5148,right,8,3367,11.3208,3.2949,true
Dribble,right,8,3367,play_on,11.3208,3.2949,right,8,3372,7.8467,2.9583,true
Dribble,right,8,3372,play_on,7.8467,2.9583,right,8,3377,4.2351,3.4724,true
Dribble,right,8,3378,play_on,4.8239,2.4625,right,8,3380,5.0488,2.3418,true
Dribble,right,8,3380,play_on,5.0488,2.3418,right,8,3382,4.9705,2.4487,true
Dribble,right,8,3382,play_on,4.9705,2.4487,right,8,3385,2.5697,2.6655,true
Dribble,right,8,3385,play_on,2.5697,2.6655,right,8,3390,-0.852,2.9082,true
Pass,right,8,3392,play_on,-0.9997,3.1479,right,7,3396,0.3587,10.5399,true
Dribble,right,7,3396,play_on,0.3587,10.5399,right,7,3401,-0.2525,12.4227,true
Dribble,right,7,3402,play_on,-1.5594,12.7633,right,7,3406,-0.7271,16.0187,true
Interception,right,7,3407,play_on,-1.4711,16.4789,left,3,3412,-12.9958,19.205,true
Dribble,left,3,3413,play_on,-13.523,19.0702,left,3,3419,-11.6841,17.078,true
Pass,left,3,3419,play_on,-11.6841,17.078,left,8,3421,-6.7177,14.205,true
Pass,left,8,3422,play_on,-5.9201,13.6347,left,11,3426,-2.2493,12.2831,true
Pass,left,11,3426,play_on,-2.2493,12.2831,left,10,3433,3.7343,19.3295,true
Pass,left,10,3436,play_on,4.3185,18.6067,left,11,3439,6.5608,12.5628,true
Pass,left,11,3440,play_on,6.4575,12.6665,left,8,3443,6.7781,18.4158,true
Dribble,left,8,3443,play_on,6.7781,18.4158,left,8,3447,6.1937,16.914,true
Pass,left,8,3448,play_on,6.6231,17.2927,left,10,3451,6.839,21.1076,true
Pass,left,10,3453,play_on,7.7283,21.36,left,11,3457,15.1637,16.66,true
MultiTouch,left,11,3460,play_on,14.1914,15.8605,neutral,-1,3464,12.6555,17.049,false
Dribble,right,8,3470,play_on,11.6149,6.4635,right,8,3473,11.1649,6.5147,true
Dribble,right,8,3473,play_on,11.1649,6.5147,right,8,3475,9.2872,6.3071,true
Dribble,right,8,3478,play_on,10.152,6.8048,right,8,3481,10.168,5.5691,true
Dribble,right,8,3481,play_on,10.168,5.5691,right,8,3483,10.0662,5.5768,true
Interception,right,8,3483,play_on,10.0662,5.5768,left,11,3484,9.456,5.0152,true
Pass,left,11,3484,play_on,9.456,5.0152,left,9,3498,9.1006,-15.3107,true
Pass,left,9,3498,play_on,9.1006,-15.3107,left,7,3502,2.9796,-12.0921,true
Dribble,left,7,3504,play_on,3.0511,-12.1408,left,7,3506,3.7765,-12.2092,true
Pass,left,7,3507,play_on,3.0901,-12.9753,left,4,3514,0.0223,-28.6107,true
Dribble,left,4,3514,play_on,0.0223,-28.6107,left,4,3519,3.2121,-28.7225,true
Pass,left,4,3519,play_on,3.2121,-28.7225,left,9,3540,36.2454,-30.5,true
Dribble,left,9,3540,play_on,36.2454,-30.5,left,9,3556,49.5082,-27.1778,true
Pass,left,9,3557,play_on,48.7313,-26.6325,left,11,3564,37.0059,-13.724,true
Interception,left,11,3566,play_on,37.6669,-13.1906,right,6,3567,39.4096,-10.8506,true
Pass,right,6,3567,play_on,39.4096,-10.8506,right,4,3572,39.8153,2.6061,true
Dribble,right,4,3573,play_on,40.2575,2.6457,right,4,3576,39.8258,2.8864,true
MultiTouch,right,4,3577,play_on,39.0225,2.1044,neutral,-1,3578,39.1508,3.0417,false
OutOfBounds,right,4,3578,play_on,39.1508,3.0417,neutral,-1,3595,42.8325,34,false
Pass,left,10,3692,kick_in_l,42.8325,34,left,5,3695,37.2378,28.8068,true
Pass,left,5,3696,play_on,37.3358,28.9705,left,10,3700,42.2381,30.5058,true
Pass,left,10,3702,play_on,43.3326,30.0094,left,5,3705,35.0811,29.4535,true
Dribble,left,5,3705,play_on,35.0811,29.4535,left,5,3710,35.4529,26.7323,true
Dribble,left,5,3710,play_on,35.4529,26.7323,left,5,3713,35.8564,25.9769,true
Pass,left,5,3716,play_on,36.5613,25.5544,left,8,3719,43.3571,26.3535,true
Dribble,left,8,3719,play_on,43.3571,26.3535,left,8,3723,45.3325,24.5273,true
Pass,left,8,3727,play_on,45.2807,24.1932,left,7,3738,29.9922,7.2714,true
Pass,left,7,3740,play_on,29.5935,5.867,left,9,3745,37.162,-2.6162,true
Dribble,left,9,3746,play_on,36.9036,-3.2115,left,9,3749,38.6978,-3.247,true
Pass,left,9,3751,play_on,37.585,-4.3586,left,4,3763,33.6641,-16.3672,true
Dribble,left,4,3763,play_on,33.6641,-16.3672,left,4,3767,35.9391,-16.2307,true
Dribble,left,4,3769,play_on,36.0084,-16.5134,left,4,3778,40.8798,-21.0408,true
Dribble,left,4,3778,play_on,40.8798,-21.0408,left,4,3784,45.6388,-22.7888,true
Dribble,left,4,3784,play_on,45.6388,-22.7888,left,4,3787,46.4694,-22.208,true
Pass,left,4,3789,play_on,45.8192,-21.991,left,8,3800,30.824,-6.2434,true
Pass,left,8,3802,play_on,31.1553,-4.7281,left,10,3805,36.3135,0.0681,true
Interception,left,10,3806,play_on,36.7644,0.5373,right,2,3807,39.3326,1.2751,true
OutOfBounds,right,2,3807,play_on,39.3326,1.2751,neutral,-1,3820,51.5,33,false
Pass,left,10,3917,corner_kick_l,51.5,33,left,8,3921,42.6619,28.5439,true
Dribble,left,8,3924,play_on,42.4095,29.1112,left,8,3926,40.9598,28.435,true
Dribble,left,8,3926,play_on,40.9598,28.435,left,8,3930,39.8904,26.696,true
Pass,left,8,3932,play_on,39.6104,27.0861,left,5,3939,32.5189,28.8276,true
Dribble,left,5,3939,play_on,32.5189,28.8276,left,5,3943,32.746,27.3326,true
Dribble,left,5,3943,play_on,32.746,27.3326,left,5,3945,32.8288,26.4031,true
Pass,left,5,3945,play_on,32.8288,26.4031,left,8,3946,32.1612,24.3528,true
Pass,left,8,3946,play_on,32.1612,24.3528,left,7,3951,27.743,11.4915,true
MultiTouch,left,7,3951,play_on,27.743,11.4915,neutral,-1,3958,37.2125,-2.2397,false
MultiTouch,right,5,3959,play_on,38.1036,-1.2225,neutral,-1,3960,38.2844,-1.7381,false
OutOfBounds,left,9,3960,play_on,38.2844,-1.7381,neutral,-1,3970,47,-9.16,false
Pass,right,3,3995,goal_kick_r,47,-9.16,right,5,4002,40.9951,-23.0187,true
Dribble,right,5,4002,play_on,40.9951,-23.0187,right,5,4005,39.1212,-23.1479,true
Dribble,right,5,4005,play_on,39.1212,-23.1479,right,5,4009,36.1823,-23.7519,true
Dribble,right,5,4009,play_on,36.1823,-23.7519,right,5,4012,35.5368,-23.3626,true
Pass,right,5,4014,play_on,35.0758,-23.5533,right,6,4020,29.9757,-10.7059,true
Dribble,right,6,4020,play_on,29.9757,-10.7059,right,6,4023,29.1263,-10.6233,true
Pass,right,6,4025,play_on,28.648,-10.5974,right,10,4032,23.0514,-27.6456,true
Dribble,right,10,4032,play_on,23.0514,-27.6456,right,10,4046,11.5632,-28.3919,true
Dribble,right,10,4046,play_on,11.5632,-28.3919,right,10,4051,7.4537,-28.2578,true
Dribble,right,10,4052,play_on,7.5472,-28.7655,right,10,4056,4.6344,-28.9285,true
Pass,right,10,4057,play_on,5.1177,-27.7371,right,8,4060,7.9069,-22.3914,true
Dribble,right,8,4060,play_on,7.9069,-22.3914,right,8,4063,5.5776,-22.0872,true
Dribble,right,8,4064,play_on,5.8558,-21.3438,right,8,4068,3.0045,-21.5555,true
Pass,right,8,4068,play_on,3.0045,-21.5555,right,10,4072,-1.4244,-28.3073,true
Dribble,right,10,4072,play_on,-1.4244,-28.3073,right,10,4075,-3.0106,-27.1739,true
Pass,right,10,4077,play_on,-3.7424,-27.4897,right,7,4087,-1.0574,-5.9042,true
Dribble,right,7,4087,play_on,-1.0574,-5.9042,right,7,4091,-3.8822,-5.9148,true
Dribble,right,7,4091,play_on,-3.8822,-5.9148,right,7,4095,-4.9247,-7.1225,true
Dribble,right,7,4095,play_on,-4.9247,-7.1225,right,7,4098,-6.5159,-7.5802,true
Interception,right,7,4098,play_on,-6.5159,-7.5802,left,3,4104,-15.481,2.3951,true
Pass,left,3,4106,play_on,-14.52,2.5305,left,8,4108,-10.3831,6.1478,true
Pass,left,8,4108,play_on,-10.3831,6.1478,left,10,4115,2.8348,16.2618,true
Dribble,left,10,4115,play_on,2.8348,16.2618,left,10,4119,3.2625,16.1135,true
Dribble,left,10,4122,play_on,3.4571,15.7939,left,10,4127,0.7025,15.5522,true
Pass,left,10,4128,play_on,0.2703,14.4632,left,8,4131,-1.0778,13.7595,true
Pass,left,8,4133,play_on,-0.8353,13.0369,left,11,4138,6.7465,4.2639,true
Pass,left,11,4140,play_on,7.5153,3.6982,left,9,4149,8.7236,-16.077,true
Dribble,left,9,4149,play_on,8.7236,-16.077,left,9,4155,11.9527,-18.7399,true
Dribble,left,9,4155,play_on,11.9527,-18.7399,left,9,4158,13.5556,-20.1495,true
Dribble,left,9,4158,play_on,13.5556,-20.1495,left,9,4172,20.4454,-31.0313,true
Dribble,left,9,4172,play_on,20.4454,-31.0313,left,9,4177,22.533,-32.6854,true
Dribble,left,9,4178,play_on,21.6171,-32.1488,left,9,4184,21.1459,-30.6698,true
Pass,left,9,4186,play_on,20.5434,-30.2747,left,11,4193,19.8335,-12.9208,true
Pass,left,11,4198,play_on,20.5771,-12.6355,left,5,4218,21.3156,23.4139,true
Dribble,left,5,4219,play_on,22.1725,23.5212,left,5,4224,24.9226,24.6842,true
Dribble,left,5,4227,play_on,24.7336,24.6059,left,5,4229,24.9343,23.1209,true
Dribble,left,5,4229,play_on,24.9343,23.1209,left,5,4232,23.2027,23.0306,true
Pass,left,5,4232,play_on,23.2027,23.0306,left,8,4237,20.1023,13.1208,true
Dribble,left,8,4238,play_on,20.4954,13.0756,left,8,4240,20.9096,12.9787,true
OutOfBounds,left,8,4242,play_on,20.3965,13.2012,neutral,-1,4262,47,9.16,false
Pass,right,2,4332,goal_kick_r,47,9.16,right,4,4338,41.2301,21.7678,true
Dribble,right,4,4338,play_on,41.2301,21.7678,right,4,4343,37.6657,21.6353,true
Dribble,right,4,4343,play_on,37.6657,21.6353,right,4,4346,35.4196,21.9095,true
Pass,right,4,4346,play_on,35.4196,21.9095,right,9,4352,26.8999,31.6741,true
Dribble,right,9,4354,play_on,26.6292,30.9852,right,9,4365,20.0359,25.1288,true
MultiTouch,right,9,4369,play_on,19.3238,25.8689,neutral,-1,4370,20.4049,26.1471,false
Interception,right,7,4371,play_on,18.9361,23.7782,left,11,4379,14.2786,5.9134,true
Pass,left,11,4379,play_on,14.2786,5.9134,left,7,4384,5.1246,-2.592,true
Dribble,left,7,4386,play_on,5.3139,-1.8065,left,7,4390,7.2814,-3.3404,true
Dribble,left,7,4390,play_on,7.2814,-3.3404,left,7,4395,7.9608,-1.2578,true
Pass,left,7,4396,play_on,7.166,-2.0695,left,2,4403,-5.9417,-13.1332,true
Dribble,left,2,4403,play_on,-5.9417,-13.1332,left,2,4408,-3.4361,-11.6661,true
Dribble,left,2,4408,play_on,-3.4361,-11.6661,left,2,4412,-1.2001,-10.4762,true
Pass,left,2,4413,play_on,-1.4607,-9.6674,left,8,4419,4.1815,2.0649,true
Dribble,left,8,4420,play_on,4.4488,1.5925,left,8,4425,2.2861,-0.5332,true
Dribble,left,8,4425,play_on,2.2861,-0.5332,left,8,4429,3.4893,-1.4598,true
Pass,left,8,4429,play_on,3.4893,-1.4598,left,7,4436,10.5864,-7.7887,true
Dribble,left,7,4436,play_on,10.5864,-7.7887,left,7,4440,12.1779,-7.2073,true
Pass,left,7,4440,play_on,12.1779,-7.2073,left,9,4466,47.7565,-20.0252,true
Dribble,left,9,4466,play_on,47.7565,-20.0252,left,9,4473,46.4375,-16.8412,true
Dribble,left,9,4473,play_on,46.4375,-16.8412,left,9,4477,46.923,-14.5314,true
Interception,left,9,4478,play_on,46.4222,-14.344,right,5,4480,42.5106,-11.1345,true
Interception,right,5,4482,play_on,41.9165,-11.2314,left,8,4491,25.8799,-4.9595,true
Pass,left,8,4492,play_on,26.5803,-5.0342,left,10,4497,36.7838,-2.0487,true
Pass,left,10,4499,play_on,36.2003,-2.194,left,7,4504,28.6567,-6.476,true
Pass,left,7,4506,play_on,28.8064,-5.9748,left,8,4509,26.6552,-2.4484,true
Pass,left,8,4513,play_on,26.5471,-1.0957,left,5,4522,21.4039,19.201,true
Dribble,left,5,4523,play_on,22.0111,19.0944,left,5,4528,24.9367,19.9781,true
Dribble,left,5,4528,play_on,24.9367,19.9781,left,5,4531,25.8839,19.227,true
Interception,left,5,4534,play_on,26.7363,20.1698,right,4,4539,26.6353,22.3805,true
Interception,right,4,4539,play_on,26.6353,22.3805,left,8,4637,27.0182,21.2087,true
Pass,left,8,4637,free_kick_l,27.0182,21.2087,left,10,4643,38.7398,29.9388,true
Dribble,left,10,4643,play_on,38.7398,29.9388,left,10,4647,40.3902,27.7859,true
Dribble,left,10,4647,play_on,40.3902,27.7859,left,10,4652,44.124,27.3425,true
Pass,left,10,4657,play_on,43.0684,26.757,left,8,4663,34.1238,15.3782,true
Pass,left,8,4663,play_on,34.1238,15.3782,left,7,4669,30.1274,4.5409,true
Pass,left,7,4671,play_on,29.8182,3.9374,left,4,4678,27.7546,-13.5527,true
Dribble,left,4,4678,play_on,27.7546,-13.5527,left,4,4683,26.9447,-10.8996,true
Pass,left,4,4683,play_on,26.9447,-10.8996,left,7,4687,27.17,-1.5845,true
Dribble,left,7,4687,play_on,27.17,-1.5845,left,7,4692,30.141,0.4018,true
Pass,left,7,4692,play_on,30.141,0.4018,left,10,4699,29.2823,13.2762,true
Pass,left,10,4699,play_on,29.2823,13.2762,left,5,4715,36.2711,31.125,true
Pass,left,5,4715,play_on,36.2711,31.125,left,10,4719,39.7637,26.0846,true
Dribble,left,10,4719,play_on,39.7637,26.0846,left,10,4726,42.9938,30.771,true
Pass,left,10,4727,play_on,41.9029,30.6395,left,5,4734,34.6484,30.349,true
Interception,left,5,4734,play_on,34.6484,30.349,right,4,4738,38.721,25.5728,true
Dribble,right,4,4738,play_on,38.721,25.5728,right,4,4741,38.2142,26.3207,true
MultiTouch,right,4,4741,play_on,38.2142,26.3207,neutral,-1,4742,38.3088,26.3816,false
Dribble,left,10,4743,play_on,38.7144,24.4502,left,10,4746,38.8772,23.601,true
Pass,left,10,4746,play_on,38.8772,23.601,left,5,4753,29.781,25.911,true
Pass,left,5,4754,play_on,30.8664,26.0305,left,10,4765,46.2559,29.0149,true
Dribble,left,10,4765,play_on,46.2559,29.0149,left,10,4768,47.7442,27.1782,true
Dribble,left,10,4770,play_on,47.3659,27.6097,left,10,4775,45.7639,25.4199,true
Pass,left,10,4775,play_on,45.7639,25.4199,left,8,4782,36.7487,13.2678,true
Pass,left,8,4784,play_on,35.9422,12.7554,left,4,4796,31.9668,-12.1549,true
Dribble,left,4,4796,play_on,31.9668,-12.1549,left,4,4801,34.4097,-10.8188,true
Pass,left,4,4803,play_on,33.8523,-10.503,left,7,4806,29.8413,-3.844,true
Dribble,left,7,4808,play_on,29.6217,-4.2434,left,7,4810,30.1628,-3.1367,true
Pass,left,7,4811,play_on,29.5775,-3.3164,left,4,4818,28.979,-13.4008,true
Pass,left,4,4818,play_on,28.979,-13.4008,left,9,4823,36.1555,-17.4881,true
Dribble,left,9,4826,play_on,37.213,-17.5128,left,9,4830,39.6108,-17.1513,true
Dribble,left,9,4830,play_on,39.6108,-17.1513,left,9,4837,45.1536,-17.1952,true
Dribble,left,9,4837,play_on,45.1536,-17.1952,left,9,4840,47.0738,-16.7079,true
Dribble,left,9,4840,play_on,47.0738,-16.7079,left,9,4844,50.1006,-17.148,true
Dribble,left,9,4846,play_on,50.1071,-17.113,left,9,4848,50.4393,-16.7244,true
Pass,left,9,4848,play_on,50.4393,-16.7244,left,4,4860,38.8619,-21.9278,true
Dribble,left,4,4861,play_on,39.6084,-22.5307,left,4,4866,42.4244,-22.5777,true
Dribble,left,4,4868,play_on,42.104,-22.4751,left,4,4871,40.0536,-20.9074,true
Interception,left,4,4872,play_on,40.3964,-20.6206,right,6,4876,42.7657,-11.2915,true
Pass,right,6,4876,play_on,42.7657,-11.2915,right,7,4880,39.7923,-3.7382,true
Dribble,right,7,4880,play_on,39.7923,-3.7382,right,7,4883,39.0792,-4.527,true
Pass,right,7,4886,play_on,37.9936,-4.0761,right,8,4889,31.2955,-9.2463,true
Dribble,right,8,4889,play_on,31.2955,-9.2463,right,8,4893,29.1215,-9.5945,true
Dribble,right,8,4896,play_on,29.516,-9.6276,right,8,4901,25.7108,-9.2104,true
Interception,right,8,4901,play_on,25.7108,-9.2104,left,9,4902,26.8142,-8.6105,true
Pass,left,9,4902,play_on,26.8142,-8.6105,left,8,4909,25.025,2.0229,true
Dribble,left,8,4909,play_on,25.025,2.0229,left,8,4913,27.3883,3.645,true
Dribble,left,8,4913,play_on,27.3883,3.645,left,8,4916,26.9039,3.6667,true
Pass,left,8,4916,play_on,26.9039,3.6667,left,5,4928,26.5003,17.9354,true
Dribble,left,5,4929,play_on,26.8658,17.6793,left,5,4934,29.0023,17.4176,true
Dribble,left,5,4934,play_on,29.0023,17.4176,left,5,4936,29.8133,16.2635,true
Pass,left,5,4938,play_on,28.9998,15.7609,left,8,4941,26.0089,15.6648,true
Pass,left,8,4941,play_on,26.0089,15.6648,left,5,4944,26.957,17.5103,true
Dribble,left,5,4945,play_on,25.9706,17.4705,left,5,4949,26.5648,18.6661,true
Dribble,left,5,4949,play_on,26.5648,18.6661,left,5,4952,27.3124,20.6203,true
Dribble,left,5,4952,play_on,27.3124,20.6203,left,5,4954,27.6403,21.607,true
Dribble,left,5,4954,play_on,27.6403,21.607,left,5,4956,27.4695,22.005,true
Dribble,left,5,4956,play_on,27.4695,22.005,left,5,4960,29.6715,22.7513,true
MultiTouch,left,5,4960,play_on,29.6715,22.7513,neutral,-1,4964,37.2817,17.557,false
Interception,right,2,4968,play_on,37.4253,17.6904,left,8,4974,27.4804,16.029,true
Dribble,left,8,4975,play_on,28.2558,15.7812,left,8,4977,29.4549,15.6623,true
Interception,left,8,4977,play_on,29.4549,15.6623,right,4,4980,35.0626,16.2964,true
Dribble,right,4,4980,play_on,35.0626,16.2964,right,4,4983,34.3765,14.4574,true
Interception,right,4,4983,play_on,34.3765,14.4574,left,10,4984,34.4432,14.0777,true
Interception,left,10,4984,play_on,34.4432,14.0777,right,4,4985,35.3837,15.4815,true
Pass,right,4,4985,free_kick_r,35.3837,15.4815,right,2,4987,36.3966,11.8624,true
Dribble,right,2,4987,play_on,36.3966,11.8624,right,2,4990,36.1547,12.1063,true
Dribble,right,2,4990,play_on,36.1547,12.1063,right,2,4993,33.9596,11.1608,true
Interception,right,2,4993,play_on,33.9596,11.1608,left,11,4996,31.8629,10.7636,true
Pass,right,1,5073,free_kick_r,42.9517,9.0066,right,2,5078,31.6532,8.285,true
Dribble,right,2,5078,play_on,31.6532,8.285,right,2,5080,29.8316,8.3568,true
Dribble,right,2,5080,play_on,29.8316,8.3568,right,2,5083,28.2499,7.2697,true
Dribble,right,2,5083,play_on,28.2499,7.2697,right,2,5086,27.9081,7.4455,true
Pass,right,2,5087,play_on,27.0724,8.5339,right,7,5092,19.8317,14.0447,true
Dribble,right,7,5092,play_on,19.8317,14.0447,right,7,5098,16.0018,13.5007,true
Pass,right,7,5100,play_on,15.8037,13.2316,right,11,5106,2.3167,8.4216,true
Dribble,right,11,5109,play_on,2.5096,9.0688,right,11,5112,0.9862,10.3567,true
Dribble,right,11,5112,play_on,0.9862,10.3567,right,11,5114,1.3304,11.831,true
Dribble,right,11,5114,play_on,1.3304,11.831,right,11,5119,-0.2933,15.3592,true
Dribble,right,11,5119,play_on,-0.2933,15.3592,right,11,5124,-2.9699,14.7795,true
Dribble,right,11,5124,play_on,-2.9699,14.7795,right,11,5126,-4.3451,14.6656,true
Dribble,right,11,5126,play_on,-4.3451,14.6656,right,11,5129,-6.3624,15.014,true
Dribble,right,11,5129,play_on,-6.3624,15.014,right,11,5133,-8.2823,15.4801,true
Dribble,right,11,5133,play_on,-8.2823,15.4801,right,11,5136,-10.4,15.3852,true
Dribble,right,11,5136,play_on,-10.4,15.3852,right,11,5141,-13.7056,15.5135,true
Dribble,right,11,5141,play_on,-13.7056,15.5135,right,11,5147,-14.7261,19.1755,true
Dribble,right,11,5147,play_on,-14.7261,19.1755,right,11,5149,-15.304,19.4137,true
Interception,right,11,5151,play_on,-15.8621,19.4895,left,5,5157,-27.2209,23.2533,true
Pass,left,5,5159,play_on,-27.1578,22.6084,left,3,5162,-25.6763,14.372,true
Pass,left,3,5162,play_on,-25.6763,14.372,left,6,5167,-22.5413,9.2286,true
Dribble,left,6,5167,play_on,-22.5413,9.2286,left,6,5172,-19.1149,8.1005,true
Pass,left,6,5172,play_on,-19.1149,8.1005,left,2,5180,-23.718,-3.6312,true
Pass,left,2,5181,play_on,-23.1233,-4.0302,left,7,5185,-14.0571,-10.5143,true
Pass,left,7,5185,play_on,-14.0571,-10.5143,left,9,5194,2.907,-22.6807,true
Dribble,left,9,5195,play_on,3.124,-21.8334,left,9,5202,3.4704,-17.9054,true
Pass,left,9,5203,play_on,2.801,-17.1621,left,7,5206,-0.2089,-16.418,true
Dribble,left,7,5208,play_on,0.9162,-17.3514,left,7,5215,4.0282,-19.7721,true
Interception,left,7,5217,play_on,3.3485,-20.3227,right,5,5218,5.2802,-21.0381,true
Interception,right,5,5218,play_on,5.2802,-21.0381,left,4,5231,-2.7338,-32.3431,true
Pass,left,4,5233,play_on,-1.9457,-32.4888,left,9,5257,37.4532,-26.5562,true
Dribble,left,9,5257,play_on,37.4532,-26.5562,left,9,5270,45.2305,-20.1745,true
Dribble,left,9,5270,play_on,45.2305,-20.1745,left,9,5279,47.9981,-15.3569,true
Dribble,left,9,5279,play_on,47.9981,-15.3569,left,9,5281,48.6867,-13.8283,true
Pass,left,9,5281,play_on,48.6867,-13.8283,left,11,5285,42.4712,-11.1905,true
Dribble,left,11,5285,play_on,42.4712,-11.1905,left,11,5289,40.5469,-12.1514,true
Pass,left,11,5290,play_on,40.6179,-10.8957,left,10,5293,42.4252,-4.166,true
MultiTouch,left,10,5298,play_on,42.7454,-5.2004,neutral,-1,5299,43.5872,-4.8918,false
OutOfBounds,right,2,5300,play_on,44.1058,-3.6754,neutral,-1,5307,51.5,33,false
Pass,left,10,5404,corner_kick_l,51.5,33,left,8,5408,42.1448,29.8619,true
Interception,left,8,5409,play_on,41.8083,28.7027,right,6,5417,40.8085,9.7231,true
Pass,right,6,5417,play_on,40.8085,9.7231,right,7,5422,35.6874,18.2127,true
Dribble,right,7,5423,play_on,34.357,18.0055,right,7,5430,29.4075,17.8033,true
Dribble,right,7,5430,play_on,29.4075,17.8033,right,7,5439,22.255,16.7084,true
Dribble,right,7,5439,play_on,22.255,16.7084,right,7,5444,20.0648,15.7413,true
Dribble,right,7,5444,play_on,20.0648,15.7413,right,7,5447,19.4481,15.7829,true
Dribble,right,7,5447,play_on,19.4481,15.7829,right,7,5458,9.8537,16.0591,true
Dribble,right,7,5460,play_on,10.8226,16.247,right,7,5463,10.4829,17.2055,true
Pass,right,7,5466,play_on,9.7299,18.1716,right,11,5481,-13.5062,16.4068,true
Dribble,right,11,5481,play_on,-13.5062,16.4068,right,11,5487,-16.5411,18.3002,true
Pass,right,11,5488,play_on,-15.9184,18.7563,right,9,5492,-14.9916,27.0579,true
Dribble,right,9,5492,play_on,-14.9916,27.0579,right,9,5496,-16.8839,27.2879,true
Dribble,right,9,5497,play_on,-16.3175,26.8987,right,9,5501,-18.425,27.0888,true
Dribble,right,9,5504,play_on,-20.1587,27.7834,right,9,5506,-20.0902,28.8609,true
Pass,right,9,5507,play_on,-19.0468,28.2754,right,7,5513,-8.9229,18.9721,true
Dribble,right,7,5513,play_on,-8.9229,18.9721,right,7,5519,-11.4473,16.1033,true
Dribble,right,7,5519,play_on,-11.4473,16.1033,right,7,5524,-14.1898,16.9588,true
Dribble,right,7,5525,play_on,-14.6059,17.1543,right,7,5531,-18.0763,17.2105,true
Dribble,right,7,5531,play_on,-18.0763,17.2105,right,7,5535,-20.6716,17.283,true
Pass,right,7,5535,play_on,-20.6716,17.283,right,11,5539,-23.72,10.3851,true
Dribble,right,11,5539,play_on,-23.72,10.3851,right,11,5542,-23.6307,11.2153,true
Pass,right,11,5542,play_on,-23.6307,11.2153,right,9,5547,-24.3704,22.6705,true
Pass,right,9,5547,play_on,-24.3704,22.6705,right,11,5552,-24.6231,12.8102,true
Dribble,right,11,5556,play_on,-25.4115,12.9428,right,11,5560,-27.2117,12.0659,true
Dribble,right,11,5560,play_on,-27.2117,12.0659,right,11,5563,-27.5967,12.2821,true
Dribble,right,11,5563,play_on,-27.5967,12.2821,right,11,5568,-28.4986,15.3158,true
Dribble,right,11,5568,play_on,-28.4986,15.3158,right,11,5572,-27.5644,17.8802,true
Dribble,right,11,5573,play_on,-27.949,17.8825,right,11,5581,-27.5642,21.49,true
Dribble,right,11,5581,play_on,-27.5642,21.49,right,11,5585,-28.3875,24.1384,true
Pass,right,11,5585,play_on,-28.3875,24.1384,right,9,5588,-32.0054,28.7807,true
Pass,right,9,5588,play_on,-32.0054,28.7807,right,7,5594,-21.87,22.822,true
Pass,right,7,5596,play_on,-22.2964,22.4591,right,8,5602,-21.7009,8.5521,true
Dribble,right,8,5602,play_on,-21.7009,8.5521,right,8,5606,-21.4832,10.2221,true
Dribble,right,8,5606,play_on,-21.4832,10.2221,right,8,5609,-21.2752,10.2251,true
Dribble,right,8,5609,play_on,-21.2752,10.2251,right,8,5613,-20.0346,12.6774,true
Dribble,right,8,5615,play_on,-20.3272,13.0227,right,8,5619,-21.7354,15.948,true
Interception,right,8,5619,play_on,-21.7354,15.948,left,8,5622,-22.6091,17.7332,true
OutOfBounds,left,8,5622,play_on,-22.6091,17.7332,neutral,-1,5630,-19.893,34,false
Interception,right,4,5678,kick_in_r,-19.893,34,left,5,5684,-33.0352,32.3411,true
Pass,left,5,5687,play_on,-32.2523,31.6426,left,3,5695,-33.0322,19.1422,true
Pass,left,3,5695,play_on,-33.0322,19.1422,left,10,5703,-17.7004,27.002,true
Pass,left,10,5704,play_on,-17.4343,26.3661,left,8,5708,-18.7183,20.4672,true
Pass,left,8,5708,play_on,-18.7183,20.4672,left,6,5715,-20.6895,9.5741,true
Pass,left,6,5716,play_on,-20.5171,10.4738,left,5,5722,-20.9574,25.6536,true
Pass,left,5,5724,play_on,-20.6313,25.4824,left,6,5731,-19.3742,12.0653,true
Pass,left,6,5733,play_on,-18.7889,12.0991,left,5,5739,-16.3,26.4304,true
Dribble,left,5,5739,play_on,-16.3,26.4304,left,5,5744,-12.8594,27.4241,true
Dribble,left,5,5744,play_on,-12.8594,27.4241,left,5,5749,-8.7135,27.837,true
Dribble,left,5,5749,play_on,-8.7135,27.837,left,5,5753,-5.8746,29.3529,true
Pass,left,5,5753,play_on,-5.8746,29.3529,left,10,5757,4.6727,31.2686,true
Pass,left,10,5759,play_on,3.7606,30.9587,left,5,5765,-1.8288,29.8988,true
Pass,left,5,5767,play_on,-1.7732,29.7117,left,10,5772,7.3781,30.1477,true
Pass,left,10,5773,play_on,7.769,29.1449,left,8,5776,7.8215,21.2037,true
Dribble,left,8,5777,play_on,7.8122,20.0119,left,8,5779,8.4296,19.7985,true
Dribble,left,8,5782,play_on,8.1048,19.9931,left,8,5786,9.1562,17.979,true
Dribble,left,8,5787,play_on,9.1339,17.465,left,8,5792,11.8737,18.3596,true
Dribble,left,8,5792,play_on,11.8737,18.3596,left,8,5796,12.6101,16.4007,true
Pass,left,8,5796,play_on,12.6101,16.4007,left,7,5804,14.9088,-1.4341,true
Pass,left,7,5806,play_on,14.4428,-1.4807,left,9,5811,18.1831,-8.4479,true
Pass,left,9,5811,play_on,18.1831,-8.4479,left,4,5831,28.0013,-23.5646,true
Pass,left,4,5832,play_on,27.4564,-22.9316,left,7,5836,23.3438,-17.5292,true
Dribble,left,7,5836,play_on,23.3438,-17.5292,left,7,5840,23.8122,-19.0508,true
Pass,left,7,5840,play_on,23.8122,-19.0508,left,4,5844,25.1036,-25.3461,true
Interception,left,4,5845,play_on,25.5792,-25.0748,right,5,5849,33.5335,-25.8253,true
Dribble,right,5,5851,play_on,32.9825,-25.9819,right,5,5854,31.5058,-26.9642,true
Dribble,right,5,5854,play_on,31.5058,-26.9642,right,5,5858,30.2518,-27.0484,true
Pass,right,5,5858,play_on,30.2518,-27.0484,right,8,5864,20.0791,-19.3374,true
Dribble,right,8,5867,play_on,19.2145,-19.4321,right,8,5871,19.4683,-19.7033,true
Dribble,right,8,5871,play_on,19.4683,-19.7033,right,8,5874,17.8234,-21.0605,true
Dribble,right,8,5874,play_on,17.8234,-21.0605,right,8,5877,16.5022,-21.249,true
Interception,right,8,5877,play_on,16.5022,-21.249,left,4,5883,3.9959,-24.6622,true
Pass,left,4,5884,play_on,4.7527,-24.7677,left,7,5889,5.333,-18.2972,true
Pass,left,7,5890,play_on,6.2467,-17.4474,left,11,5896,16.7625,-6.9834,true
Dribble,left,11,5896,play_on,16.7625,-6.9834,left,11,5898,17.544,-7.272,true
Pass,left,11,5899,play_on,17.8278,-7.8388,left,7,5903,14.1013,-14.8256,true
Pass,left,7,5904,play_on,14.0438,-14.2098,left,11,5908,16.3003,-9.3838,true
Interception,left,11,5908,play_on,16.3003,-9.3838,right,6,5913,18.6939,-11.887,true
